datetime,open,high,low,close,% change
2025-03-07,339.35,344.94,317.63,330.51,-2.6049801090319824
2025-03-06,362.89,371.58,345.76,347.49,-4.243710215216726
2025-03-05,358.13,367.06,343.03,365.0,1.9182978248122202
2025-03-04,377.86,396.52,370.69,390.31,3.294871116286452
2025-03-03,403.82,405.09,378.3,381.61,-5.499975236491501
2025-02-28,378.48,389.19,378.07,388.5,2.647431832593527
2025-02-27,403.01,403.8,381.11,381.7,-5.287709982382572
2025-02-26,385.71,401.51,384.48,395.33,2.4941017863161457
2025-02-25,387.62,388.4,369.31,378.57,-2.3347608482534468
2025-02-24,401.68,403.16,382.12,391.6,-2.5094602668791035
2025-02-21,430.32,431.18,404.48,406.35,-5.570273284997205
2025-02-20,437.98,438.19,418.29,435.08,-0.6621306908991356
2025-02-19,452.24,454.66,444.66,450.02,-0.49088979303025543
2025-02-18,449.39,453.59,445.09,453.59,0.9346002358752952
2025-02-14,445.01,453.27,442.52,451.56,1.4718770364710931
2025-02-13,435.39,453.8,432.04,453.62,4.187050690185814
2025-02-12,427.93,437.38,425.22,435.33,1.7292547846610373
2025-02-11,429.7,434.6,423.71,430.43,0.16988596695369285
2025-02-10,427.13,431.66,425.04,429.02,0.4424882354318325
2025-02-07,427.83,431.23,419.46,421.42,-1.4982586541383185
2025-02-06,415.76,421.51,414.29,419.69,0.9452568789686373
2025-02-05,410.74,419.24,405.09,416.38,1.3731314213370955
2025-02-04,402.21,408.33,398.18,408.09,1.461922876109494
2025-02-03,386.73,399.85,385.94,398.53,3.0512243684224014
2025-01-31,404.39,407.89,397.39,399.46,-1.2191201562847764
2025-01-30,395.28,403.1,390.92,395.96,0.17202995345072022
2025-01-29,400.65,401.22,390.32,397.67,-0.7437913390739952
2025-01-28,379.31,411.13,374.41,409.93,8.072552793229812
2025-01-27,361.71,382.09,360.96,370.66,2.4743579110337137
2025-01-24,381.0,384.39,373.64,373.84,-1.8792650918635234
2025-01-23,374.97,377.59,371.63,376.77,0.48003840307223367
2025-01-22,367.58,381.24,362.62,377.79,2.777626639098982
2025-01-21,361.72,369.92,358.05,366.69,1.373990932212753
2025-01-17,363.55,364.93,349.41,358.83,-1.2983083482327127
2025-01-16,366.12,368.79,360.41,363.01,-0.8494482683273281
2025-01-15,355.77,365.17,352.76,363.81,2.2598870056497233
2025-01-14,346.37,351.75,344.16,347.71,0.386869532580759
2025-01-13,341.81,345.15,335.27,340.22,-0.46517070887334333
2025-01-10,350.21,352.53,344.05,348.61,-0.45686873590130667
2025-01-08,363.38,364.86,350.82,358.58,-1.320931256535861
2025-01-07,366.63,370.24,353.99,360.39,-1.7019883806562501
2025-01-06,361.41,368.4,356.06,366.32,1.3585678315486478
2025-01-03,352.6,359.46,350.29,358.69,1.7271695972773609
2025-01-02,343.79,350.53,340.89,346.98,0.927892027109572
2024-12-31,350.07,350.07,339.55,342.0,-2.3052532350672705
2024-12-30,349.44,352.75,344.56,349.58,0.04006410256409866
2024-12-27,360.07,360.73,350.04,355.96,-1.1414447190824046
2024-12-26,365.32,366.46,361.59,366.1,0.21351144202343958
2024-12-24,360.3,365.79,359.46,365.13,1.3405495420482887
2024-12-23,355.68,365.63,354.12,362.33,1.8696581196581135
2024-12-20,349.36,365.23,347.99,361.31,3.420540416762076
2024-12-19,357.86,360.09,349.56,352.79,-1.4167551556474578
2024-12-18,376.74,377.42,345.38,350.31,-7.015448319796147
2024-12-17,383.28,385.14,373.18,376.78,-1.6958881235650178
2024-12-16,366.63,388.93,366.0,388.24,5.894225786214989
2024-12-13,368.55,370.08,361.53,368.16,-0.10582010582010212
2024-12-12,361.31,365.56,359.73,365.21,1.0794054966649074
2024-12-11,351.01,364.86,349.45,363.47,3.5497564171961016
2024-12-10,356.34,357.03,344.76,346.19,-2.848403210417011
2024-12-09,365.54,366.22,351.71,353.32,-3.3429993981506887
2024-12-06,362.59,371.14,360.78,367.08,1.238313246366422
2024-12-05,359.74,366.38,358.53,365.77,1.6762105965419394
2024-12-04,351.037,366.309,347.335,364.229,3.75800841506736
2024-12-03,344.851,351.778,344.095,350.062,1.5110873971657361
2024-12-02,337.969,354.218,335.695,346.769,2.6037891049179103
2024-11-29,347.266,350.039,343.673,345.649,-0.4656372924501732
2024-11-27,349.633,350.417,340.39,345.341,-1.2275729121678942
2024-11-26,363.617,367.064,360.723,364.26,0.1768344164326674
2024-11-25,375.532,376.826,360.825,364.234,-3.0085318960834235
2024-11-22,362.471,371.777,360.238,371.725,2.553031828753202
2024-11-21,353.27,362.226,350.746,358.545,1.4931921759560773
2024-11-20,351.341,352.383,344.079,349.056,-0.6503653146088914
2024-11-19,338.6,354.23,338.0,352.78,4.187832250442986
2024-11-18,338.91,347.23,336.33,343.14,1.2481189696379453
2024-11-15,340.32,341.33,332.51,335.1,-1.5338504936530237
2024-11-14,349.99,350.31,343.35,345.36,-1.322894939855423
2024-11-13,347.52,359.27,345.63,348.82,0.37407918968692777
2024-11-12,339.81,343.81,336.27,343.11,0.9711309261057683
2024-11-11,335.32,342.26,332.03,342.17,2.042824764404158
2024-11-08,330.39,330.73,323.23,329.63,-0.23003117527769937
2024-11-07,320.41,333.11,320.25,331.41,3.4331013389095224
2024-11-06,321.09,323.58,316.91,319.53,-0.4858450901616376
2024-11-05,302.86,308.73,299.77,307.58,1.5584758634352407
2024-11-04,297.53,302.85,294.99,299.95,0.8133633583168138
2024-11-01,297.56,304.25,295.16,302.44,1.6400053770668086
2024-10-31,304.92,305.51,294.55,296.52,-2.7548209366391294
2024-10-30,310.31,315.16,307.34,307.99,-0.7476394573168745
2024-10-29,302.34,313.08,302.34,311.74,3.1090824899120313
2024-10-28,297.63,304.8,295.84,301.55,1.3170715317676365
2024-10-25,306.33,311.17,294.94,300.77,-1.8150360722097094
2024-10-24,303.7,305.79,301.74,305.02,0.43463944682252
2024-10-23,304.91,305.86,298.2,298.59,-2.0727427765570328
2024-10-22,305.86,311.16,305.51,308.45,0.8467926502321241
2024-10-21,313.36,316.62,308.06,309.54,-1.2190451876436026
2024-10-18,308.34,313.78,306.62,310.78,0.7913342414218064
2024-10-17,307.73,313.61,305.58,310.03,0.7474084424657831
2024-10-16,303.89,307.09,299.09,306.31,0.7963407812037302
2024-10-15,306.46,310.29,300.52,302.04,-1.4422763166481627
2024-10-14,322.71,323.63,309.41,310.72,-3.7154101205416485
2024-10-11,314.64,322.37,312.92,320.33,1.8084159674548683
2024-10-10,303.72,315.42,303.08,315.34,3.825892269195294
2024-10-09,293.44,298.57,292.38,298.45,1.7073336968375104
2024-10-08,286.89,295.07,286.89,293.87,2.4329882533375224
2024-10-07,291.48,292.7,285.66,287.0,-1.5369836695485173
2024-10-04,286.41,291.74,283.47,291.47,1.7666980901504843
2024-10-03,280.79,286.74,279.96,283.41,0.9330816624523681
2024-10-02,278.72,281.95,275.04,281.19,0.8861940298507356
2024-10-01,280.01,282.15,272.64,275.39,-1.64994107353309
2024-09-30,283.36,285.23,278.07,280.27,-1.0904856013551778
2024-09-27,282.14,286.38,280.98,285.84,1.311405685120858
2024-09-26,286.59,287.88,277.85,282.12,-1.5597194598555326
2024-09-25,288.34,291.56,285.41,286.69,-0.572241104251917
2024-09-24,291.44,292.21,285.03,288.29,-1.0808399670601074
2024-09-23,297.58,301.99,292.6,293.02,-1.5323610457692058
2024-09-20,288.75,299.79,286.8,299.49,3.7194805194805225
2024-09-19,274.69,283.91,273.66,277.48,1.0156904146492485
2024-09-18,268.61,271.74,263.4,267.38,-0.4579129593090422
2024-09-17,270.02,272.02,266.97,269.03,-0.36663950818458235
2024-09-16,261.29,269.86,260.96,268.07,2.594818018293839
2024-09-13,257.0,261.42,256.44,258.96,0.7626459143968792
2024-09-12,254.35,258.31,252.48,256.26,0.750933752702967
2024-09-11,244.85,254.49,241.96,253.37,3.4796814376148704
2024-09-10,249.1,250.24,243.45,247.71,-0.5580088317944546
2024-09-09,248.11,249.42,243.97,245.6,-1.0116480593285313
2024-09-06,255.29,256.72,244.43,246.48,-3.4509773199106903
2024-09-05,254.82,258.81,252.65,256.49,0.655364571069781
2024-09-04,262.51,267.07,258.29,259.51,-1.1428136071006818
2024-09-03,275.32,277.4,265.19,266.15,-3.3306697660903737
2024-08-30,282.61,283.47,273.32,277.17,-1.924914192703725
2024-08-29,279.02,285.61,269.98,269.98,-3.239911117482605
2024-08-28,266.74,267.23,261.33,264.47,-0.851015970608076
2024-08-27,264.63,270.13,262.21,269.44,1.8176321656652692
2024-08-26,270.75,271.32,265.47,266.34,-1.6288088642659373
2024-08-23,269.61,273.28,266.59,271.0,0.5155595118875361
2024-08-22,274.9,278.28,267.13,267.35,-2.7464532557293397
2024-08-21,266.15,274.3,265.76,273.12,2.6188239714446846
2024-08-20,268.75,269.65,264.13,266.48,-0.8446511627906909
2024-08-19,265.16,270.81,263.86,266.29,0.42615779152209815
2024-08-16,258.5,262.05,257.85,262.0,1.3539651837524178
2024-08-15,259.99,263.49,257.64,260.14,0.05769452671255711
2024-08-14,249.48,258.81,249.08,256.02,2.6214526214526184
2024-08-13,241.17,248.87,240.13,246.94,2.3925032135008544
2024-08-12,241.7,242.08,235.23,238.12,-1.4811750103433945
2024-08-09,241.23,245.88,238.69,240.55,-0.2818886539816683
2024-08-08,233.44,241.87,229.61,238.93,2.3517820424948632
2024-08-07,240.92,243.14,230.48,231.01,-4.113398638552216
2024-08-06,223.68,235.09,221.3,231.04,3.2904148783977045
2024-08-05,210.63,223.91,208.84,221.75,5.279399895551443
2024-08-02,216.22,219.55,211.06,217.77,0.7168624549070444
2024-08-01,230.06,230.62,221.59,224.09,-2.594975223854646
2024-07-31,234.21,236.8,227.99,231.88,-0.9948336962555026
2024-07-30,244.02,245.19,226.16,234.31,-3.97918203425949
2024-07-29,258.99,265.29,258.27,258.79,-0.07722305880535488
2024-07-26,257.23,258.25,251.07,255.02,-0.8591532869416506
2024-07-25,256.72,262.41,250.08,254.04,-1.0439389217825004
2024-07-24,268.08,271.69,258.06,258.06,-3.7376902417188838
2024-07-23,260.98,276.79,258.64,269.24,3.1649934860908844
2024-07-22,279.4,281.01,261.55,264.06,-5.490336435218317
2024-07-19,298.54,316.59,293.93,304.6,2.02987874321699
2024-07-18,348.79,349.92,335.92,342.42,-1.8263138278046975
2024-07-17,358.71,363.31,350.45,355.66,-0.8502690195422359
2024-07-16,376.48,377.69,368.51,369.11,-1.9576073098172557
2024-07-15,364.04,383.28,364.01,376.04,3.296341061421822
2024-07-12,369.48,374.1,367.53,370.57,0.29500920212189424
2024-07-11,378.2,379.52,367.65,370.19,-2.117927022739289
2024-07-10,377.38,381.37,365.51,374.31,-0.8135036302930715
2024-07-09,396.07,396.35,383.2,385.55,-2.656096144620896
2024-07-08,390.09,390.09,379.41,389.59,-0.12817554923222846
2024-07-05,387.21,391.38,386.83,389.76,0.6585573719687021
2024-07-03,385.22,389.89,380.22,384.2,-0.264783759929401
2024-07-02,385.56,386.37,381.31,384.97,-0.15302417263200926
2024-07-01,380.19,391.79,377.2,391.62,3.0063915410715714
2024-06-28,387.65,392.66,382.11,383.19,-1.1505223784341494
2024-06-27,382.68,391.34,381.97,385.65,0.7761053621824946
2024-06-26,383.65,387.29,379.72,380.15,-0.9122898475172683
2024-06-25,379.99,387.74,378.39,385.24,1.3816153056659386
2024-06-24,380.83,381.62,377.22,379.18,-0.433264186119785
2024-06-21,379.28,379.97,370.15,379.88,0.15819447373972337
2024-06-20,387.12,391.44,378.88,382.91,-1.0875180822483932
2024-06-18,389.57,393.01,386.45,390.8,0.3157327309597808
2024-06-17,378.18,394.48,376.14,392.14,3.6913639007879793
2024-06-14,383.38,388.06,381.13,385.86,0.6468777714017471
2024-06-13,389.3,389.66,380.99,383.31,-1.538659131774983
2024-06-12,384.51,389.53,378.75,387.2,0.699591688122545
2024-06-11,372.04,384.63,369.95,384.5,3.3491022470702023
2024-06-10,381.61,384.81,370.54,375.06,-1.7164120437095494
2024-06-07,342.68,349.82,336.95,348.7,1.7567409828411293
2024-06-06,341.89,349.18,335.81,341.03,-0.25154289391325096
2024-06-05,334.86,342.48,316.13,342.22,2.1979334647315336
2024-06-04,309.19,311.95,303.45,305.94,-1.051133607167114
2024-06-03,314.34,316.78,305.06,307.95,-2.0328306928803164
2024-05-31,322.29,325.53,305.89,312.1,-3.1617487356107845
2024-05-30,341.16,342.41,313.91,315.23,-7.6005393363817575
2024-05-29,348.93,353.34,346.15,349.64,0.20347920786403564
2024-05-28,352.38,352.38,342.69,346.64,-1.6289233214143848
2024-05-24,343.84,355.66,343.67,351.55,2.2423220102373307
2024-05-23,346.99,349.59,341.18,342.55,-1.2795757802818517
2024-05-22,350.24,352.74,342.74,344.98,-1.5018273184102304
2024-05-21,342.95,351.5,342.95,349.59,1.9361422947951556
2024-05-20,346.92,349.36,344.63,348.18,0.36319612590798767
2024-05-17,339.33,346.14,339.33,345.42,1.7947131111307673
2024-05-16,342.85,343.53,339.31,339.65,-0.9333527781828921
2024-05-15,332.9,344.23,331.43,343.85,3.2892760588765535
2024-05-14,321.78,330.72,321.06,330.1,2.5856175026415724
2024-05-13,320.71,321.87,316.51,318.77,-0.6049078606841065
2024-05-10,322.74,327.08,318.28,320.69,-0.6351862180083074
2024-05-09,309.54,318.15,308.85,317.58,2.5974025974025854
2024-05-08,309.08,319.16,307.94,313.45,1.4138734308269718
2024-05-07,319.8,321.06,311.37,314.68,-1.6010006253908706
2024-05-06,305.38,317.81,304.43,317.6,4.001571812168455
2024-05-03,300.81,311.27,299.64,310.6,3.25454605897411
2024-05-02,302.92,307.68,297.62,302.81,-0.036313218011360636
2024-05-01,289.51,302.15,288.51,295.08,1.9239404511070406
2024-04-30,301.54,302.31,292.75,292.76,-2.9117198381641005
2024-04-29,310.83,311.36,301.64,303.64,-2.313161535244345
2024-04-26,298.88,305.42,298.85,304.08,1.739828693790146
2024-04-25,289.51,299.65,288.41,297.2,2.6562122206486816
2024-04-24,302.43,304.54,294.53,298.09,-1.4350428198260858
2024-04-23,293.45,302.66,291.59,300.43,2.378599420684961
2024-04-22,285.11,291.24,280.93,288.23,1.0943144751148695
2024-04-19,290.05,292.25,280.72,281.85,-2.827098776073087
2024-04-18,292.41,297.21,289.88,292.8,0.13337437160151375
2024-04-17,299.61,301.64,291.26,293.48,-2.0459931243950455
2024-04-16,300.55,301.45,296.37,298.62,-0.6421560472467166
2024-04-15,307.98,311.97,297.89,298.66,-3.0261705305539297
2024-04-12,313.75,313.87,306.83,307.86,-1.8772908366533823
2024-04-11,313.38,317.55,310.07,317.22,1.2253494160444292
2024-04-10,309.6,314.86,308.21,312.32,0.8785529715762177
2024-04-09,313.33,315.18,308.42,310.0,-1.0627772635879056
2024-04-08,313.46,314.26,308.9,313.66,0.06380399413004705
2024-04-05,309.74,317.3,308.88,315.35,1.8111964873765138
2024-04-04,322.97,325.66,309.23,310.04,-4.003467814348084
2024-04-03,317.15,323.33,315.02,319.44,0.7220558095538454
2024-04-02,312.1,319.26,310.78,319.15,2.258891380967624
2024-04-01,317.17,320.34,315.6,319.5,0.7346218116467459
2024-03-28,321.91,327.29,319.7,320.79,-0.34792333260849445
2024-03-27,329.87,330.41,317.0,322.43,-2.2554339588322665
2024-03-26,327.14,332.34,323.5,329.71,0.7855963807544151
2024-03-25,324.46,328.89,320.63,324.87,0.12636380447513562
2024-03-22,325.28,327.41,319.2,327.2,0.5902606984751648
2024-03-21,323.04,332.98,323.04,329.17,1.8975978207033168
2024-03-20,319.93,328.19,319.93,326.56,2.0723283218203967
2024-03-19,316.24,320.74,310.12,320.74,1.4229698962813053
2024-03-18,318.41,322.19,315.63,320.5,0.6563864200244889
2024-03-15,321.22,323.32,315.71,316.11,-1.590810036734952
2024-03-14,335.09,337.57,324.91,328.16,-2.0681011071652247
2024-03-13,326.89,334.68,325.37,331.54,1.4224968643886429
2024-03-12,319.497,333.668,316.889,328.777,2.904565614074615
2024-03-11,319.354,322.802,315.163,316.898,-0.7690525247843961
2024-03-08,329.249,341.487,322.353,323.174,-1.8451081096677726
2024-03-07,329.196,331.531,314.989,330.042,0.2569897568621571
2024-03-06,356.889,357.415,323.847,327.394,-8.264474388395273
2024-03-05,302.145,302.145,289.798,297.499,-1.5376723096526366
2024-03-04,315.502,316.558,312.876,314.323,-0.3736901826295968
2024-03-01,314.47,315.864,308.276,314.418,-0.016535758577931412
2024-02-29,325.972,328.502,320.956,324.473,-0.45985544770715486
2024-02-28,315.558,321.51,314.525,320.57,1.588297555441472
2024-02-27,324.244,328.858,320.605,320.988,-1.004182035750863
2024-02-26,310.006,323.247,309.295,321.465,3.6963800700631615
2024-02-23,313.753,316.738,309.187,312.036,-0.5472457633871182
2024-02-22,301.349,313.45,299.041,311.278,3.2948508208091054
2024-02-21,289.219,294.253,281.303,292.499,1.1340887009498095
2024-02-20,324.362,325.849,314.897,322.953,-0.4343912048883804
2024-02-16,330.077,332.006,324.946,328.956,-0.3396177255609997
2024-02-15,334.039,334.909,327.119,331.409,-0.7873332155826103
2024-02-14,329.155,334.278,326.55,334.008,1.4743813704789566
2024-02-13,312.338,326.159,311.704,321.66,2.9845872100096695
2024-02-12,329.418,329.495,320.052,321.438,-2.4224541464036626
2024-02-09,327.597,336.769,327.218,329.518,0.5863912062686754
2024-02-08,315.737,323.838,313.716,322.535,2.1530577664321893
2024-02-07,311.942,320.35,308.644,317.957,1.9282430708272649
2024-02-06,303.768,307.387,295.175,302.027,-0.5731347607384535
2024-02-05,303.508,304.844,295.42,302.775,-0.2415092847635002
2024-02-02,300.936,304.992,298.76,304.356,1.1364542627003802
2024-02-01,296.208,299.827,293.942,298.125,0.6471803597471956
2024-01-31,297.088,298.778,290.709,292.079,-1.686032421370104
2024-01-30,300.198,302.378,297.826,300.807,0.20286610836848926
2024-01-29,297.163,299.859,294.558,299.668,0.8429717023990184
2024-01-26,289.956,293.48,289.039,290.274,0.10967181227496021
2024-01-25,302.481,302.765,290.37,293.285,-3.040190954142564
2024-01-24,299.936,307.38,298.424,299.848,-0.02933959244637704
2024-01-23,293.025,297.388,291.544,297.368,1.4821260984557694
2024-01-22,296.049,300.248,294.764,298.64,0.8751929579225088
2024-01-19,286.222,290.825,283.782,290.169,1.3789995178567696
2024-01-18,282.175,284.268,279.101,283.277,0.39053778683440254
2024-01-17,279.977,280.12,272.406,275.826,-1.4826217867896128
2024-01-16,279.006,287.116,278.993,286.294,2.6121302050851996
2024-01-12,285.547,289.849,281.978,283.61,-0.6783471722693678
2024-01-11,284.689,287.389,280.239,284.209,-0.16860503918311498
2024-01-10,275.732,282.252,274.891,281.47,2.081006194420669
2024-01-09,269.402,276.44,266.417,273.501,1.5215180288193815
2024-01-08,253.02,261.576,252.51,261.053,3.174847838115559
2024-01-05,246.938,249.377,244.156,247.767,0.33571179810317076
2024-01-04,243.688,247.494,243.688,245.442,0.7197728242671034
2024-01-03,243.286,248.624,242.381,243.688,0.1652376215647373
2024-01-02,248.618,250.883,242.988,245.535,-1.2400550241736312
2023-12-29,255.891,257.003,251.69,254.954,-0.36617153397344315
2023-12-28,254.802,257.199,254.787,255.659,0.3363395891711993
2023-12-27,257.462,258.562,255.142,257.289,-0.06719438208357033
2023-12-26,255.332,258.143,254.946,257.933,1.0186737267557529
2023-12-22,256.024,256.683,253.359,255.589,-0.1699059463175336
2023-12-21,250.899,257.622,250.778,257.509,2.6345262436279193
2023-12-20,255.168,259.491,253.133,254.203,-0.37818221720592055
2023-12-19,259.327,260.488,256.186,258.27,-0.40759350164079183
2023-12-18,258.374,261.51,257.194,259.529,0.4470264035854895
2023-12-15,254.796,260.562,254.152,260.004,2.0439881316818265
2023-12-14,256.43,257.136,247.802,252.303,-1.6094060757321722
2023-12-13,249.533,253.073,247.065,251.857,0.9313397426392551
2023-12-12,243.718,250.214,243.028,248.645,2.0215987329618743
2023-12-11,244.294,249.115,243.456,247.027,1.1187339844613358
2023-12-08,239.08,243.415,237.351,242.472,1.4187719591768428
2023-12-07,237.714,240.657,233.819,240.017,0.9688112605904563
2023-12-06,238.972,244.488,237.911,239.495,0.21885409169274897
2023-12-05,234.653,238.839,234.025,238.529,1.651800744077427
2023-12-04,234.184,237.75,230.864,237.088,1.2400505585351673
2023-12-01,234.817,235.987,229.562,234.857,0.017034541792115578
2023-11-30,236.087,238.308,230.086,237.188,0.4663535052755972
2023-11-29,222.945,235.555,220.0,233.64,4.797147278476752
2023-11-28,209.007,214.554,206.846,212.534,1.6875032893635078
2023-11-27,208.491,213.007,207.334,210.272,0.8542335160750236
2023-11-24,211.464,212.463,209.762,210.537,-0.43837248893428316
2023-11-22,208.546,210.592,206.45,209.712,0.5591092612660981
2023-11-21,206.74,209.227,205.75,209.217,1.1981232465899214
2023-11-20,207.282,208.945,205.963,207.912,0.30393377138390953
2023-11-17,204.013,207.732,203.268,206.713,1.323445074578575
2023-11-16,202.337,206.849,200.683,204.348,0.9938864369838558
2023-11-15,209.126,209.866,202.365,204.285,-2.3148723735929573
2023-11-14,205.278,208.959,204.047,208.022,1.3367238574031315
2023-11-13,199.632,201.442,196.901,200.972,0.6712350725334633
2023-11-10,191.899,196.813,191.899,196.132,2.20584786788884
2023-11-09,190.879,192.817,188.992,190.728,-0.07910770697666168
2023-11-08,194.221,194.571,190.998,193.547,-0.34702735543530644
2023-11-07,189.333,194.613,189.097,192.025,1.4218334891434707
2023-11-06,188.126,188.188,183.467,186.782,-0.7144148070973678
2023-11-03,178.999,188.622,177.967,187.985,5.020139777317202
2023-11-02,182.332,184.544,179.565,182.813,0.26380448851545235
2023-11-01,178.458,178.994,174.614,177.988,-0.26336729090318106
2023-10-31,173.835,177.491,172.253,176.351,1.4473494980872617
2023-10-30,173.975,175.622,171.519,174.52,0.3132633999137899
2023-10-27,171.725,174.239,170.967,172.662,0.5456398311253526
2023-10-26,175.975,176.713,169.988,171.623,-2.473078562295783
2023-10-25,180.629,180.636,175.078,175.594,-2.787481522900529
2023-10-24,179.784,184.034,179.784,182.233,1.3621901837760937
2023-10-23,174.535,181.027,173.147,179.347,2.757040135216439
2023-10-20,181.086,183.422,176.19,178.784,-1.2712191997172728
2023-10-19,190.368,190.863,183.828,184.793,-2.92853840981677
2023-10-18,188.37,189.169,186.477,187.823,-0.290385942559854
2023-10-17,187.445,190.195,186.438,187.195,-0.1333724559204033
2023-10-16,183.67,189.385,182.973,187.56,2.1179288942124543
2023-10-13,188.26,188.681,185.278,186.411,-0.9821523425050407
2023-10-12,188.043,190.062,184.564,187.232,-0.4312843339023559
2023-10-11,185.215,188.584,183.98,187.86,1.42807008071701
2023-10-10,182.281,185.105,181.439,183.6,0.7236080556942239
2023-10-09,181.165,185.065,179.525,181.48,0.17387464466094318
2023-10-06,165.955,176.93,164.887,176.33,6.2516947365249615
2023-10-05,164.195,166.085,160.905,165.4,0.7338834921891729
2023-10-04,163.937,164.97,162.125,164.305,0.22447647571932813
2023-10-03,167.905,168.085,160.85,161.795,-3.638962508561397
2023-10-02,167.854,171.95,167.514,169.31,0.8674204963837554
2023-09-29,167.3,169.51,166.855,167.525,0.13448894202031936
2023-09-28,161.549,166.085,161.495,165.165,2.2383301660796326
2023-09-27,161.965,164.629,160.72,163.0,0.6390269502670308
2023-09-26,158.63,160.915,158.61,160.34,1.0779802055096817
2023-09-25,160.825,161.743,159.21,159.66,-0.7243898647598273
2023-09-22,164.12,166.555,161.916,162.35,-1.0784791615890874
2023-09-21,169.66,170.49,159.364,162.805,-4.040433808794052
2023-09-20,166.15,168.538,164.035,164.285,-1.1224796870297977
2023-09-19,166.95,166.95,162.89,165.555,-0.835579514824787
2023-09-18,165.805,168.565,165.19,166.99,0.7146949730104655
2023-09-15,166.94,167.93,163.417,165.435,-0.9015215047322365
2023-09-14,169.174,171.77,168.495,170.84,0.9847848960242098
2023-09-13,169.775,170.695,168.32,168.535,-0.7303784420556673
2023-09-12,170.135,172.365,168.23,169.73,-0.23804625738384294
2023-09-11,169.71,172.59,169.195,172.23,1.4848859819692308
2023-09-08,167.664,169.156,166.29,167.98,0.18847218246015993
2023-09-07,165.425,167.877,163.405,166.775,0.816079794468789
2023-09-06,165.155,168.215,164.021,165.905,0.45411885804244495
2023-09-05,160.295,165.6,160.065,165.367,3.1641660688106326
2023-09-01,164.52,166.16,160.27,161.425,-1.8812302455628487
2023-08-31,160.114,164.37,159.26,163.12,1.87741234370511
2023-08-30,147.26,150.123,145.23,149.014,1.1910905880755258
2023-08-29,143.71,148.47,143.48,146.54,1.9692436156147686
2023-08-28,145.995,147.833,142.385,143.88,-1.4486797493064894
2023-08-25,146.311,150.38,145.27,149.505,2.183021098892078
2023-08-24,153.98,154.044,145.38,145.5,-5.50720872840628
2023-08-23,151.83,155.445,151.363,153.65,1.1987090825265052
2023-08-22,154.015,154.195,151.58,152.42,-1.0356134142778295
2023-08-21,153.817,155.005,151.855,153.635,-0.1183224220989984
2023-08-18,141.91,147.315,141.665,146.56,3.276724684659295
2023-08-17,148.475,148.6,143.795,144.46,-2.704158949318058
2023-08-16,148.315,151.29,147.835,148.78,0.3135218959646721
2023-08-15,150.295,151.605,149.025,149.295,-0.6653581290129413
2023-08-14,148.045,152.438,147.44,152.115,2.749164105508475
2023-08-11,148.211,150.035,147.5,148.28,0.046555248935631226
2023-08-10,147.835,151.06,146.57,147.715,-0.08117157641966012
2023-08-09,146.08,147.13,144.255,145.455,-0.4278477546549835
2023-08-08,146.326,147.51,142.795,145.815,-0.3492202342714184
2023-08-07,149.835,151.92,147.774,150.815,0.6540527914038707
2023-08-04,153.79,154.098,148.61,150.182,-2.346056310553355
2023-08-03,154.336,158.445,154.245,157.705,2.182899647522289
2023-08-02,156.832,159.821,152.5,154.7,-1.3594164456233455
2023-08-01,159.941,166.89,159.015,166.155,3.8851826611062816
2023-07-31,160.77,163.374,160.004,161.2,0.26746283510603863
2023-07-28,155.802,156.925,153.405,155.63,-0.11039652892773974
2023-07-27,156.31,157.975,152.2,152.696,-2.312072164288916
2023-07-26,148.977,154.87,148.62,154.005,3.3750176201695505
2023-07-25,152.97,153.215,150.801,151.11,-1.2159246911158954
2023-07-24,149.276,150.67,147.165,149.31,0.022776601731016245
2023-07-21,150.909,152.31,148.755,150.91,0.000662651001600153
2023-07-20,154.245,154.57,147.505,148.195,-3.9223313559596815
2023-07-19,156.48,161.47,155.41,157.632,0.7361963190184148
2023-07-18,152.305,154.215,150.59,153.355,0.68940612586585
2023-07-17,149.005,155.515,148.97,152.894,2.609979530888232
2023-07-14,150.576,152.156,148.93,149.35,-0.8142067793008176
2023-07-13,149.166,153.49,148.537,150.905,1.1658152662134833
2023-07-12,151.46,151.855,144.36,146.567,-3.230555922355738
2023-07-11,152.02,152.625,149.335,150.667,-0.8900144717800346
2023-07-10,144.455,149.85,143.555,149.512,3.5007441763871014
2023-07-07,144.05,146.76,143.38,144.015,-0.024297119055900734
2023-07-06,140.4,143.37,139.42,143.255,2.033475783475776
2023-07-05,145.347,147.21,144.83,145.951,0.4155572526436631
2023-07-03,145.88,149.879,145.005,149.879,2.74129421442281
2023-06-30,146.001,149.318,145.935,147.02,0.6979404250655854
2023-06-29,146.09,146.429,143.135,143.82,-1.5538366760216373
2023-06-28,143.15,146.005,142.4,144.985,1.2818721620677664
2023-06-27,143.22,145.035,142.045,144.565,0.9391146487920674
2023-06-26,142.735,145.205,141.35,141.966,-0.5387606403475009
2023-06-23,143.505,144.935,142.585,143.853,0.24250026131494595
2023-06-22,142.73,146.855,141.85,145.745,2.1123800182162227
2023-06-21,150.345,151.54,143.24,144.33,-4.000798164222279
2023-06-20,154.205,155.515,150.278,152.265,-1.2580655620764734
2023-06-16,160.475,160.595,154.925,155.255,-3.2528431219816163
2023-06-15,152.644,161.235,152.235,159.91,4.760095385341049
2023-06-14,152.748,153.898,150.615,153.56,0.5315945216958728
2023-06-13,153.685,153.778,150.455,153.163,-0.3396557894394322
2023-06-12,149.505,151.689,148.9,150.74,0.8260593291194366
2023-06-09,151.745,153.65,146.805,149.527,-1.4616626577482077
2023-06-08,149.545,151.645,148.858,151.42,1.2538032030492494
2023-06-07,155.436,155.63,148.325,149.05,-4.108443346457704
2023-06-06,153.25,155.769,152.335,153.065,-0.12071778140293786
2023-06-05,150.185,154.75,148.055,153.95,2.5069081466191605
2023-06-02,155.95,158.27,150.53,151.195,-3.0490541840333414
2023-06-01,144.765,159.839,143.825,157.195,8.586329568611204
2023-05-31,159.29,161.63,157.02,160.751,0.917195053047908
2023-05-30,158.93,160.078,154.91,158.585,-0.21707670043415267
2023-05-26,150.58,158.155,150.17,154.17,2.384114756275717
2023-05-25,148.694,150.9,147.145,149.575,0.5924919633609966
2023-05-24,145.89,149.392,145.165,149.11,2.207142367537205
2023-05-23,146.305,148.595,143.89,143.955,-1.606233553193667
2023-05-22,145.835,148.495,144.645,147.4,1.0731305927932235
2023-05-19,144.84,148.275,144.01,144.75,-0.06213753106876789
2023-05-18,138.235,141.825,137.695,141.599,2.4335370926320943
2023-05-17,134.85,139.055,133.48,137.285,1.8057100482017074
2023-05-16,134.66,135.605,133.21,134.07,-0.43814050200505233
2023-05-15,131.09,135.9,131.08,135.58,3.4251277748112057
2023-05-12,131.785,132.85,129.24,130.485,-0.9864552111393428
2023-05-11,133.54,134.24,131.235,132.255,-0.9622584993260421
2023-05-10,133.499,135.94,131.0,133.613,0.0853938980816368
2023-05-09,133.545,133.875,129.16,129.655,-2.912875809652167
2023-05-08,126.995,132.869,125.76,132.115,4.031654789558647
2023-05-05,120.06,123.205,119.242,122.433,1.9765117441279396
2023-05-04,119.165,119.918,117.401,117.75,-1.1874291948139186
2023-05-03,116.66,118.92,116.405,117.55,0.7629007371849825
2023-05-02,117.825,118.115,116.023,116.375,-1.2306386590282221
2023-05-01,118.01,119.88,117.78,119.047,0.8787390899076282
2023-04-28,120.785,123.845,119.34,120.11,-0.5588442273461085
2023-04-27,123.68,127.49,123.635,126.29,2.110284605433376
2023-04-26,123.51,125.895,122.885,123.975,0.3764877337867292
2023-04-25,126.342,126.38,121.815,122.41,-3.1121875544157938
2023-04-24,132.435,133.67,129.035,130.615,-1.3742590704874036
2023-04-21,130.545,132.725,130.165,132.015,1.1260484890267717
2023-04-20,130.92,131.81,129.035,129.89,-0.7867399938893991
2023-04-19,135.455,135.58,131.995,132.63,-2.085563471263532
2023-04-18,138.695,139.54,136.095,136.365,-1.6799452035040803
2023-04-17,136.315,137.865,134.635,137.36,0.7666067564097979
2023-04-14,134.46,136.59,133.885,135.753,0.9616242748772704
2023-04-13,137.685,140.12,135.646,135.76,-1.3981188945782121
2023-04-12,132.05,137.125,131.11,134.712,2.015903067020051
2023-04-11,127.99,131.73,127.54,129.695,1.3321353230721138
2023-04-10,125.79,128.115,124.525,127.92,1.693298354400187
2023-04-06,124.465,128.09,123.785,127.642,2.5525248061704033
2023-04-05,132.84,132.955,126.255,128.09,-3.575730201746462
2023-04-04,136.77,138.605,135.66,136.365,-0.29611756964246627
2023-04-03,136.48,137.61,134.14,136.33,-0.1099062133645789
2023-03-31,133.418,138.229,132.715,137.185,2.8234571047384875
2023-03-30,130.74,133.415,129.895,131.825,0.829891387486599
2023-03-29,130.68,131.345,128.653,129.665,-0.7767064585246516
2023-03-28,131.325,131.325,127.475,128.65,-2.0369312773653023
2023-03-27,132.555,133.18,130.155,131.675,-0.6638753724868888
2023-03-24,134.685,134.78,130.665,131.515,-2.353639974755924
2023-03-23,136.135,138.229,133.005,134.765,-1.0063539868512907
2023-03-22,135.085,137.86,133.565,133.925,-0.8587185845948822
2023-03-21,132.6,136.884,132.076,136.42,2.880844645550523
2023-03-20,132.245,133.295,130.2,132.985,0.559567469469552
2023-03-17,133.34,136.415,131.805,133.085,-0.19124043797809767
2023-03-16,130.663,134.09,129.54,133.21,1.94928939332481
2023-03-15,128.61,130.095,126.515,128.695,0.06609128372597739
2023-03-14,123.45,128.04,122.79,127.541,3.3138922640745196
2023-03-13,119.395,123.54,118.155,121.218,1.5268646090707378
2023-03-10,120.44,124.49,118.115,119.595,-0.7015941547658576
2023-03-09,127.88,130.013,122.08,122.395,-4.289177353769158
2023-03-08,133.505,133.505,124.96,128.961,-3.403617842028376
2023-03-07,127.33,128.679,124.47,124.986,-1.8408858870651017
2023-03-06,128.57,129.912,127.302,127.875,-0.5405615617951258
2023-03-03,122.41,127.118,122.295,126.05,2.9736132668899606
2023-03-02,120.4,123.91,118.66,123.285,2.3961794019933476
2023-03-01,119.19,120.97,118.605,120.37,0.9900159409346478
2023-02-28,121.13,122.604,120.055,120.775,-0.2930735573350861
2023-02-27,119.525,123.19,119.51,120.66,0.949592135536491
2023-02-24,117.41,118.725,115.715,117.19,-0.1873775657950761
2023-02-23,119.035,119.665,114.79,117.495,-1.2937371361364238
2023-02-22,114.195,118.272,113.11,117.243,2.6691186128989903
2023-02-21,112.495,114.645,111.465,112.475,-0.017778567936361823
2023-02-17,113.145,114.16,110.375,113.97,0.7291528569534693
2023-02-16,117.87,118.63,115.12,115.285,-2.1930940867056994
2023-02-15,116.995,120.355,115.22,120.165,2.7095175007478964
2023-02-14,111.99,116.63,111.3,116.41,3.946780962585947
2023-02-13,109.37,113.24,108.544,111.955,2.3635366188168545
2023-02-10,110.975,111.454,107.57,108.678,-2.0698355485469677
2023-02-09,116.41,117.785,113.095,113.75,-2.285027059530965
2023-02-08,116.67,119.0,114.645,114.663,-1.720236564669585
2023-02-07,108.03,115.105,107.765,115.0,6.451911506063129
2023-02-06,112.71,115.117,108.735,109.422,-2.917221187117378
2023-02-03,113.87,117.402,113.105,113.555,-0.27663124615789736
2023-02-02,116.585,117.323,113.88,115.545,-0.8920530085345388
2023-02-01,105.86,111.605,105.055,110.294,4.188550916304551
2023-01-31,102.099,105.72,100.86,105.72,3.546557752769366
2023-01-30,102.825,103.42,100.85,101.701,-1.0931193775832817
2023-01-27,104.45,105.845,102.515,104.954,0.482527525131633
2023-01-26,102.15,104.04,100.86,103.985,1.7963778756730238
2023-01-25,100.801,101.95,97.24,100.56,-0.23908492971299855
2023-01-24,107.46,108.932,104.09,104.66,-2.605620696072955
2023-01-23,102.663,106.135,102.12,106.075,3.3234953196380452
2023-01-20,100.5,103.73,100.275,103.13,2.6169154228855676
2023-01-19,100.885,101.748,98.165,100.11,-0.7682014174555243
2023-01-18,105.853,107.32,100.89,101.185,-4.4098891859465414
2023-01-17,100.53,105.75,98.095,104.53,3.978911767631553
2023-01-13,98.53,99.907,96.635,99.61,1.0961128590277056
2023-01-12,95.065,97.978,92.681,97.875,2.9558722979014385
2023-01-11,95.757,98.465,95.59,97.045,1.3450713785937285
2023-01-10,95.1,96.01,92.23,95.59,0.5152471083070548
2023-01-09,96.485,99.765,95.82,96.27,-0.22283256464735807
2023-01-06,94.57,95.955,92.255,94.564,-0.00634450671460318
2023-01-05,96.665,97.295,94.513,94.525,-2.2138312729529823
2023-01-04,102.552,106.865,102.325,104.462,1.8624697714330258
2023-01-03,107.75,108.368,101.595,103.365,-4.069605568445481
2022-12-30,105.185,105.775,102.95,105.14,-0.042781765460856304
2022-12-29,101.525,105.516,101.202,104.511,2.941147500615602
2022-12-28,100.86,101.65,99.505,99.885,-0.9666864961332483
2022-12-27,100.575,102.35,99.275,100.837,0.2605021128511066
2022-12-23,102.08,102.83,100.96,101.835,-0.24000783699060008
2022-12-22,105.22,105.28,101.835,104.185,-0.9836532978521162
2022-12-21,105.215,109.13,104.329,107.482,2.154635745853724
2022-12-20,108.28,110.459,105.89,110.165,1.7408570373106809
2022-12-19,108.38,110.515,107.565,108.175,-0.18914928953681334
2022-12-16,113.4,114.9,110.74,111.67,-1.5255731922398623
2022-12-15,119.345,120.934,114.649,115.075,-3.5778624994763053
2022-12-14,123.573,123.775,118.928,120.91,-2.155001497090786
2022-12-13,123.12,124.871,118.395,121.145,-1.6041260558804487
2022-12-12,115.715,118.34,115.025,118.08,2.04381454435466
2022-12-09,114.445,116.805,113.285,114.965,0.45436672637512365
2022-12-08,112.1,116.339,111.74,114.298,1.9607493309545116
2022-12-07,113.105,113.59,110.265,113.0,-0.09283409221520178
2022-12-06,116.775,117.785,112.941,113.755,-2.586169985013924
2022-12-05,122.78,124.235,116.645,118.33,-3.6243687897051657
2022-12-02,122.155,125.445,120.8,123.375,0.9987311202979811
2022-12-01,121.005,124.89,118.895,124.065,2.528821123094089
2022-11-30,110.255,117.78,109.511,117.575,6.63915468686228
2022-11-29,138.6,139.65,136.226,137.67,-0.6709956709956759
2022-11-28,140.325,140.67,136.6,139.485,-0.5986103687867274
2022-11-25,138.63,141.291,138.63,140.06,1.031522758421703
2022-11-23,134.805,141.535,133.664,140.92,4.536181892363028
2022-11-22,135.03,136.285,132.34,135.64,0.4517514626379214
2022-11-21,135.94,137.265,134.34,135.75,-0.13976754450492698
2022-11-18,142.665,143.93,137.155,138.83,-2.688115515368156
2022-11-17,139.205,141.25,137.77,139.055,-0.10775475018857487
2022-11-16,147.3,147.59,142.02,143.87,-2.3285811269518035
2022-11-15,148.32,151.45,145.995,148.025,-0.1988942826321383
2022-11-14,140.66,144.105,138.22,141.975,0.9348784302573566
2022-11-11,135.905,144.875,135.09,142.825,5.091792060630578
2022-11-10,134.21,135.875,130.5,135.805,1.1884360330824817
2022-11-09,123.47,124.22,120.495,122.345,-0.911152506681785
2022-11-08,124.1,129.685,120.45,126.952,2.2981466559226464
2022-11-07,128.38,128.54,122.825,124.565,-2.971646673936749
2022-11-04,136.07,136.61,126.315,127.395,-6.37539501727052
2022-11-03,145.214,146.06,139.65,141.59,-2.495627143388375
2022-11-02,157.65,158.85,147.91,148.4,-5.867427846495401
2022-11-01,167.37,168.14,159.515,160.66,-4.009081675330112
2022-10-31,160.751,164.695,160.24,160.99,0.14867714664294737
2022-10-28,163.134,164.745,158.642,164.245,0.6810352225777695
2022-10-27,164.19,167.98,162.065,164.045,-0.08831232109142471
2022-10-26,159.02,167.23,158.293,162.175,1.9840271663941649
2022-10-25,161.18,164.545,160.088,162.005,0.5118501054721358
2022-10-24,154.765,158.595,154.055,157.24,1.5991987852550789
2022-10-21,149.46,156.955,148.575,156.735,4.86752308309916
2022-10-20,153.475,158.27,152.165,153.88,0.2638866264863992
2022-10-19,155.744,156.93,151.485,152.55,-2.0508013149784188
2022-10-18,157.735,161.285,154.725,156.615,-0.7100516689384122
2022-10-17,148.082,153.99,148.049,151.76,2.483758998392781
2022-10-14,153.325,156.515,146.09,146.84,-4.2295776944399055
2022-10-13,144.441,155.395,142.339,153.035,5.9498341883537185
2022-10-12,153.205,155.63,149.375,153.515,0.20234326555920093
2022-10-11,159.465,159.67,151.77,155.63,-2.4049164393440616
2022-10-10,169.995,170.155,160.26,162.24,-4.561898879378803
2022-10-07,172.965,175.13,170.295,171.554,-0.8157719769895652
2022-10-06,180.266,181.7,176.535,178.39,-1.040684322057407
2022-10-05,173.735,178.345,170.294,176.555,1.623161711802454
2022-10-04,177.198,178.535,172.9,174.72,-1.398435648257886
2022-10-03,166.945,170.64,163.845,169.695,1.6472490940129985
2022-09-30,165.79,171.52,164.745,165.33,-0.27745943663669675
2022-09-29,164.42,166.095,160.86,165.72,0.7906580707943143
2022-09-28,162.716,167.9,162.629,167.135,2.7157747240590857
2022-09-27,163.755,164.94,160.036,162.94,-0.49769472687856725
2022-09-26,164.1,165.64,158.985,160.07,-2.4558196221815973
2022-09-23,160.62,161.305,157.04,160.555,-0.04046818578010069
2022-09-22,167.85,168.14,159.65,161.805,-3.601429848078634
2022-09-21,171.855,176.705,169.27,169.984,-1.088708504262303
2022-09-20,174.196,175.92,172.61,174.41,0.12285012285012206
2022-09-19,171.125,175.97,170.05,175.97,2.83126369612856
2022-09-16,173.425,174.04,169.31,171.045,-1.3723511604440095
2022-09-15,182.0,185.33,177.485,178.715,-1.8049450549450532
2022-09-14,182.64,185.54,181.265,184.085,0.7911738939991358
2022-09-13,187.791,188.11,183.005,184.425,-1.7924181670048007
2022-09-12,191.85,195.005,191.505,194.445,1.3526192337763872
2022-09-09,186.66,191.48,185.24,190.48,2.0465016607735955
2022-09-08,170.595,179.535,170.425,178.98,4.915149916468824
2022-09-07,170.3,173.478,166.62,172.58,1.338813857897828
2022-09-06,169.19,172.61,168.495,171.15,1.158460901944564
2022-09-02,171.535,177.006,170.88,172.415,0.5130148366222611
2022-09-01,176.445,177.18,169.045,173.36,-1.7484201875938563
2022-08-31,192.48,194.035,178.41,183.73,-4.54592684954281
2022-08-30,196.13,198.03,189.01,193.81,-1.1828889002192389
2022-08-29,194.045,197.09,190.66,191.81,-1.1517946867994462
2022-08-26,200.499,202.496,194.415,194.74,-2.872333527848012
2022-08-25,198.42,203.575,197.795,202.85,2.232637838927531
2022-08-24,195.13,199.405,194.565,194.675,-0.23317788141238358
2022-08-23,190.87,193.785,189.95,192.145,0.6679939225650996
2022-08-22,185.205,188.475,183.985,185.51,0.1646823789854369
2022-08-19,192.312,192.97,188.38,190.408,-0.9900578227047843
2022-08-18,194.545,196.905,193.765,195.73,0.6091135726952644
2022-08-17,196.305,198.505,194.205,196.41,0.05348819439137555
2022-08-16,199.32,201.21,195.735,200.225,0.45404374874573605
2022-08-15,199.865,202.866,196.05,201.763,0.9496410076801822
2022-08-12,199.56,202.26,198.85,200.865,0.6539386650631424
2022-08-11,203.24,205.72,195.995,197.925,-2.6151348159811048
2022-08-10,196.535,201.33,195.94,200.495,2.014908286055923
2022-08-09,187.38,189.925,184.74,186.505,-0.4669655246024122
2022-08-08,192.74,197.365,188.88,188.931,-1.9762374182836968
2022-08-05,188.94,192.495,184.77,191.245,1.219964009738545
2022-08-04,188.51,190.09,182.515,188.755,0.1299665800222824
2022-08-03,193.655,197.08,191.3,195.55,0.9785443185045625
2022-08-02,184.21,189.58,181.876,188.535,2.347863851039568
2022-08-01,180.14,187.515,179.46,182.53,1.3267458643277534
2022-07-29,180.604,183.81,178.025,183.2,1.4373989501893507
2022-07-28,181.3,182.5,174.505,181.985,0.3778268063982362
2022-07-27,172.054,178.67,171.73,176.565,2.6218512792495354
2022-07-26,179.49,180.35,168.06,169.895,-5.345701710401693
2022-07-25,181.57,184.025,178.33,182.48,0.5011841163187732
2022-07-22,189.57,193.615,180.96,183.385,-3.262647043308542
2022-07-21,183.17,189.115,181.565,188.845,3.0982147731615504
2022-07-20,184.97,187.52,181.73,184.505,-0.25139211764070035
2022-07-19,177.44,180.52,174.415,180.35,1.6399909828674464
2022-07-18,181.815,183.23,176.665,177.525,-2.3595412919726053
2022-07-15,176.02,179.205,170.95,178.402,1.353255311896362
2022-07-14,172.25,174.665,167.55,171.85,-0.23222060957910345
2022-07-13,169.625,178.68,168.18,175.1,3.2277081798083973
2022-07-12,188.005,189.857,172.83,174.605,-7.1274700140953735
2022-07-11,186.094,187.7,180.99,184.69,-0.7544574247423326
2022-07-08,186.815,194.74,185.72,190.29,1.860129004630246
2022-07-07,188.6,192.795,188.25,190.395,0.9517497348886618
2022-07-06,189.07,189.32,182.99,185.49,-1.8934786058073645
2022-07-05,178.96,188.905,178.74,187.1,4.54850245864997
2022-07-01,169.265,179.57,166.965,179.035,5.772014297108091
2022-06-30,172.265,173.105,163.44,167.92,-2.522276724813514
2022-06-29,172.74,177.655,171.455,175.51,1.6035660530276612
2022-06-28,180.92,183.16,171.705,174.61,-3.487729383152761
2022-06-27,180.665,184.795,177.305,181.915,0.6918883015525974
2022-06-24,180.4,188.56,179.525,184.07,2.03436807095343
2022-06-23,169.1,176.495,166.425,174.645,3.2791247782377386
2022-06-22,164.06,171.61,163.76,166.24,1.328782152870905
2022-06-21,164.52,170.82,163.48,165.5,0.5956722586919461
2022-06-17,160.455,166.05,158.15,164.085,2.2623165373469165
2022-06-16,157.16,161.47,153.688,156.88,-0.17816238228556958
2022-06-15,161.919,167.335,158.906,164.685,1.70826153817649
2022-06-14,159.41,162.255,153.48,159.25,-0.10037011479831666
2022-06-13,158.42,160.565,150.705,154.895,-2.225097841181655
2022-06-10,165.645,170.24,165.04,169.23,2.164266956442983
2022-06-09,176.038,179.475,173.505,174.114,-1.092945841238827
2022-06-08,176.395,180.475,176.395,177.97,0.8928824513166409
2022-06-07,169.82,181.68,168.776,176.48,3.9217995524673164
2022-06-06,167.02,171.04,162.59,169.17,1.2872709855107034
2022-06-03,160.932,170.68,160.785,162.285,0.840727760793384
2022-06-02,163.445,176.502,162.995,174.0,6.457829851020225
2022-06-01,166.187,167.59,158.355,161.285,-2.9496892055335344
2022-05-31,167.465,169.085,157.79,159.09,-5.001044994476458
2022-05-27,162.095,167.31,158.58,166.485,2.708288349424729
2022-05-26,149.155,160.255,148.785,155.448,4.219100935268685
2022-05-25,140.91,148.825,138.92,146.725,4.126747569370519
2022-05-24,146.175,146.36,137.035,139.313,-4.694373182828817
2022-05-23,148.38,153.81,144.698,148.42,0.026957811025739346
2022-05-20,150.745,156.68,142.032,148.989,-1.1648810905834357
2022-05-19,140.045,148.755,136.475,142.68,1.8815380770466776
2022-05-18,146.855,146.855,136.155,138.18,-5.907187361683282
2022-05-17,153.36,153.985,140.785,147.24,-3.9906103286385006
2022-05-16,151.275,157.645,144.82,145.949,-3.5207403734919804
2022-05-13,144.19,157.625,143.52,155.54,7.8715583604965635
2022-05-12,133.555,144.9,130.515,139.375,4.357755231926916
2022-05-11,147.2,152.605,136.795,137.505,-6.5862771739130395
2022-05-10,150.325,154.18,139.62,150.315,-0.0066522534508504285
2022-05-09,155.85,160.115,142.005,143.349,-8.021174205967279
2022-05-06,174.835,175.21,160.64,164.42,-5.957045214058981
2022-05-05,192.501,195.222,177.11,180.05,-6.46801834795663
2022-05-04,199.205,200.62,181.297,199.675,0.23593785296553743
2022-05-03,205.225,207.74,195.155,199.495,-2.7920574978681887
2022-05-02,199.095,204.35,196.355,203.555,2.240136618197347
2022-04-29,208.9,212.045,197.77,198.1,-5.169937769267598
2022-04-28,206.985,209.89,198.565,207.04,0.026571973814517185
2022-04-27,204.345,206.76,198.57,201.11,-1.583107000415956
2022-04-26,208.777,211.025,201.905,202.17,-3.1646206239193018
2022-04-25,206.0,216.335,206.0,214.365,4.06067961165049
2022-04-22,211.58,213.715,203.635,205.61,-2.821627753095755
2022-04-21,225.92,226.84,207.85,209.73,-7.166253541076487
2022-04-20,225.255,225.425,217.445,223.74,-0.6725710861024112
2022-04-19,225.45,230.62,221.985,228.69,1.4371257485029982
2022-04-18,230.659,231.99,222.08,224.915,-2.4902561790348523
2022-04-14,238.545,239.05,235.105,235.87,-1.1213817099498975
2022-04-13,225.215,241.98,223.79,239.465,6.327287258841552
2022-04-12,225.546,235.93,222.3,223.82,-0.765254094508437
2022-04-11,210.825,219.895,208.236,215.505,2.219850586979726
2022-04-08,222.835,227.41,215.135,217.81,-2.255031749949517
2022-04-07,216.96,221.415,211.785,217.11,0.06913716814159554
2022-04-06,213.875,215.055,207.06,211.21,-1.246054938632375
2022-04-05,228.646,229.85,217.775,220.85,-3.409637605731127
2022-04-04,228.075,230.08,225.565,229.38,0.5721802038803055
2022-04-01,225.315,232.755,224.475,227.463,0.9533320018640552
2022-03-31,224.03,232.21,223.58,227.496,1.5471142257733377
2022-03-30,221.52,231.425,221.36,224.305,1.2572228241242311
2022-03-29,223.0,225.32,213.24,222.455,-0.24439461883407512
2022-03-28,222.893,225.17,216.745,220.99,-0.8537728865419693
2022-03-25,222.99,224.335,216.495,221.19,-0.8072110856989154
2022-03-24,219.62,223.371,215.047,223.09,1.5800018213277474
2022-03-23,212.65,223.9,210.265,219.605,3.2706324947096093
2022-03-22,207.22,219.685,206.405,217.295,4.861982434127975
2022-03-21,202.82,205.48,195.55,203.6,0.3845774578443946
2022-03-18,202.23,209.54,202.08,208.695,3.196855066013946
2022-03-17,189.985,205.02,188.87,203.995,7.374266389451793
2022-03-16,193.13,197.7,181.175,189.635,-1.8096618857764222
2022-03-15,183.215,188.975,177.99,188.629,2.9549982261277665
2022-03-14,186.47,191.535,177.92,182.345,-2.2121520888078514
2022-03-11,193.62,196.625,190.345,190.56,-1.5804152463588481
2022-03-10,186.852,198.415,182.412,191.785,2.6400573716096125
2022-03-09,159.945,170.765,157.685,169.055,5.695707899590493
2022-03-08,161.955,164.535,155.355,156.925,-3.1058009941033005
2022-03-07,178.279,181.739,165.778,168.174,-5.668082051166985
2022-03-04,191.353,193.587,177.294,179.484,-6.202672547595282
2022-03-03,201.988,204.427,188.797,190.726,-5.575578747252313
2022-03-02,194.624,203.186,190.232,202.798,4.199893127260773
2022-03-01,197.52,205.581,195.646,197.088,-0.21871202916161217
2022-02-28,190.346,197.208,187.169,194.64,2.2558919021150867
2022-02-25,181.029,182.498,174.144,182.121,0.6032182688961509
2022-02-24,157.427,184.237,157.066,182.632,16.0105953870683
2022-02-23,169.261,171.446,161.652,162.109,-4.225427003267137
2022-02-22,164.611,170.789,164.238,166.566,1.1876484560570146
2022-02-18,169.979,170.492,164.053,165.04,-2.9056530512592853
2022-02-17,180.082,180.213,168.94,170.167,-5.505825124110123
2022-02-16,184.909,185.557,180.351,182.925,-1.072960212861451
2022-02-15,184.569,189.455,181.982,188.912,2.3530495370295217
2022-02-14,181.566,186.619,179.785,180.977,-0.32439994272055267
2022-02-11,189.879,190.485,178.454,181.955,-4.173183975057788
2022-02-10,183.925,193.322,183.794,187.213,1.7876851977708208
2022-02-09,184.172,186.869,180.801,186.759,1.4046652042655718
2022-02-08,176.238,184.032,176.238,179.276,1.723805308730246
2022-02-07,177.664,183.009,177.651,177.911,0.1390264769452529
2022-02-04,169.407,178.62,168.614,177.646,4.863435395231588
2022-02-03,171.978,175.659,169.568,169.896,-1.2106199630185384
2022-02-02,181.848,184.624,174.022,176.48,-2.951915885794742
2022-02-01,180.545,182.754,176.043,182.009,0.8108781744163497
2022-01-31,172.995,180.68,171.56,180.594,4.392612503251533
2022-01-28,158.335,169.071,156.091,168.226,6.246881611772502
2022-01-27,162.736,167.531,158.263,159.849,-1.774038934224757
2022-01-26,163.658,171.211,159.122,161.015,-1.6149531339745085
2022-01-25,165.105,168.482,157.353,158.06,-4.266981617758389
2022-01-24,156.957,168.075,150.054,167.078,6.448262900029951
2022-01-21,172.431,172.811,163.078,164.581,-4.5525456559435495
2022-01-20,180.5,182.281,173.4,173.639,-3.8011080332409914
2022-01-19,174.041,181.9,173.275,175.706,0.9566711292166743
2022-01-18,171.186,183.708,170.887,172.483,0.7576554157466131
2022-01-14,177.927,181.4,172.086,176.877,-0.5901296599166979
2022-01-13,187.138,187.985,173.61,174.706,-6.643225854716849
2022-01-12,199.886,199.886,185.742,187.312,-6.290585633811265
2022-01-11,190.564,198.363,189.796,195.911,2.8058814886337444
2022-01-10,180.331,191.869,174.752,191.868,6.397679822104911
2022-01-07,188.226,192.929,184.702,189.068,0.4473345871452472
2022-01-06,182.928,192.115,176.001,187.363,2.4244511501793067
2022-01-05,185.282,191.139,178.924,180.142,-2.774149674550153
2022-01-04,196.212,196.476,183.328,188.89,-3.731677980959372
2022-01-03,201.728,202.341,193.506,198.263,-1.7176594225888342
2021-12-31,207.947,208.782,205.309,206.215,-0.8329045381755924
2021-12-30,210.079,213.53,206.216,209.368,-0.3384441091208606
2021-12-29,205.167,207.364,201.267,207.31,1.0445149561089262
2021-12-28,208.263,210.723,206.268,207.536,-0.3490778486817168
2021-12-27,215.746,216.961,209.131,209.866,-2.7254271226349482
2021-12-23,205.3,212.857,204.627,211.057,2.8041889917194234
2021-12-22,206.313,210.482,204.233,207.494,0.5724312088913504
2021-12-21,204.904,210.814,199.986,210.577,2.768613594658963
2021-12-20,202.415,209.723,201.82,206.149,1.844724946273749
2021-12-17,197.757,207.982,193.19,206.393,4.3669756317096216
2021-12-16,208.501,211.662,196.853,200.065,-4.046023760077892
2021-12-15,195.56,212.151,195.237,211.047,7.9193086520760865
2021-12-14,192.462,200.596,192.095,198.062,2.9096652845756683
2021-12-13,199.027,203.99,194.263,198.731,-0.14872354002220417
2021-12-10,203.512,205.392,196.432,198.13,-2.644561500058967
2021-12-09,212.45,212.54,199.277,201.24,-5.276535655448331
2021-12-08,202.527,210.817,200.02,209.256,3.3225199603015962
2021-12-07,203.398,207.902,202.95,204.038,0.3146540280632134
2021-12-06,188.328,195.778,185.688,195.505,3.810904379593046
2021-12-03,208.927,209.32,188.359,196.215,-6.084421831548814
2021-12-02,207.847,211.816,201.18,209.661,0.8727573647923679
2021-12-01,220.515,221.93,199.196,202.595,-8.12643130852776
2021-11-30,227.648,228.248,216.411,217.221,-4.580316980601627
2021-11-29,230.037,230.037,221.029,224.897,-2.2344231580137173
2021-11-26,232.23,234.821,227.834,232.575,0.148559617620462
2021-11-24,225.847,232.05,222.402,230.234,1.9424654744140946
2021-11-23,230.288,236.427,224.028,230.375,0.03777878135204139
2021-11-22,248.369,250.199,235.097,240.948,-2.987893014023486
2021-11-19,267.126,268.949,256.854,257.695,-3.5305436385825355
2021-11-18,272.993,274.732,264.328,264.72,-3.0304806350345865
2021-11-17,265.969,270.55,262.268,269.735,1.415954490936921
2021-11-16,257.84,262.381,253.806,262.333,1.7425535215637808
2021-11-15,263.433,263.641,247.706,253.728,-3.6840486954937246
2021-11-12,288.551,289.077,281.459,284.014,-1.572339031921559
2021-11-11,286.357,288.199,280.666,281.087,-1.8403601099327198
2021-11-10,289.403,298.085,278.555,281.202,-2.8337646810848613
2021-11-09,292.195,295.372,281.323,291.984,-0.07221205017197856
2021-11-08,273.339,284.344,272.709,283.237,3.6211444396884542
2021-11-05,282.29,282.99,270.051,272.316,-3.533245952743649
2021-11-04,273.253,280.079,271.485,280.0,2.4691403205088376
2021-11-03,266.958,271.307,265.308,269.93,1.1132837375167552
2021-11-02,264.981,270.651,264.186,268.105,1.1789524531947664
2021-11-01,271.215,273.903,263.033,269.771,-0.5324189296314585
2021-10-29,282.533,284.297,279.519,281.696,-0.2962485798119119
2021-10-28,277.327,283.539,276.519,280.599,1.1798346356467244
2021-10-27,288.625,290.126,278.19,279.887,-3.027457773928107
2021-10-26,284.758,297.213,282.679,287.982,1.1321894380491668
2021-10-25,283.175,285.084,277.091,280.142,-1.071069126865018
2021-10-22,285.631,290.513,280.189,283.065,-0.8983618724858207
2021-10-21,285.194,287.348,282.943,284.678,-0.180929472569556
2021-10-20,285.824,287.116,279.378,282.968,-0.999216300940437
2021-10-19,280.857,284.961,279.917,282.245,0.49420167558578804
2021-10-18,273.991,285.163,273.991,285.163,4.077506195458985
2021-10-15,270.624,275.882,270.043,273.012,0.8824051081943866
2021-10-14,271.434,276.38,267.945,276.035,1.6950713617306596
2021-10-13,257.336,271.709,257.212,270.69,5.189324462958926
2021-10-12,246.602,254.173,242.584,251.747,2.08635777487612
2021-10-11,243.4,248.546,241.364,244.61,0.49712407559573046
2021-10-08,246.651,249.492,243.397,244.935,-0.6957198632886176
2021-10-07,251.258,253.661,249.673,250.198,-0.42187711436053865
2021-10-06,249.136,251.569,244.925,247.808,-0.5330421938218495
2021-10-05,239.495,246.0,239.453,244.767,2.2012985657320576
2021-10-04,241.446,242.158,235.523,237.797,-1.5113110177845155
2021-10-01,250.246,252.243,243.153,249.66,-0.23416957713610315
2021-09-30,243.671,247.637,241.001,246.04,0.9722125324720627
2021-09-29,247.422,247.614,238.47,239.648,-3.1420003071675118
2021-09-28,246.358,246.476,240.211,241.46,-1.988163566841749
2021-09-27,258.838,259.077,250.229,253.216,-2.172014928256289
2021-09-24,260.48,261.766,253.89,261.711,0.47258906633906417
2021-09-23,260.137,264.212,259.875,262.327,0.841864094688567
2021-09-22,251.082,260.954,250.31,260.265,3.657370898750206
2021-09-21,255.714,259.447,254.138,254.2,-0.5920677006343064
2021-09-20,257.516,261.235,253.08,256.155,-0.528510849811292
2021-09-17,264.068,265.413,259.213,262.774,-0.4900252965145276
2021-09-16,258.485,264.757,256.705,264.63,2.3773139640598027
2021-09-15,259.008,259.809,253.744,259.502,0.19072769953052734
2021-09-14,256.173,259.087,253.791,256.918,0.29081909490852065
2021-09-13,256.54,257.152,248.313,254.407,-0.8314492866609534
2021-09-10,266.957,269.461,260.518,261.942,-1.8785796963555879
2021-09-09,265.282,269.762,264.589,265.4,0.04448096742334384
2021-09-08,266.999,269.33,263.58,265.227,-0.6636728976513201
2021-09-07,273.629,273.737,268.216,269.908,-1.3598704815644553
2021-09-03,271.354,278.733,271.127,277.574,2.292208701548541
2021-09-02,271.5,275.102,269.24,272.029,0.19484346224677582
2021-09-01,278.633,285.247,270.232,270.285,-2.9960557435766604
2021-08-31,278.895,286.302,277.966,280.184,0.46218110758530784
2021-08-30,285.958,289.135,280.271,286.399,0.15421845166072431
2021-08-27,280.758,285.618,277.93,282.259,0.5346241246910269
2021-08-26,270.658,281.719,270.061,278.366,2.847874439329327
2021-08-25,272.174,275.332,269.62,271.214,-0.3527155422633975
2021-08-24,260.714,269.592,258.253,265.109,1.6857552720605653
2021-08-23,239.411,246.768,238.992,246.5,2.9610168288006813
2021-08-20,236.887,238.475,233.085,237.056,0.07134203227699754
2021-08-19,231.251,236.975,230.853,234.391,1.3578319661320326
2021-08-18,233.027,237.372,230.03,233.579,0.2368824213503246
2021-08-17,230.956,232.966,227.042,232.709,0.7590190339285467
2021-08-16,239.444,240.194,228.964,234.322,-2.1391222999949826
2021-08-13,243.733,248.907,242.118,242.904,-0.34012628573070025
2021-08-12,241.706,247.289,239.836,245.709,1.656144241351069
2021-08-11,251.263,251.366,233.874,239.805,-4.560162061266481
2021-08-10,263.979,266.109,252.193,252.193,-4.464749089889716
2021-08-09,260.258,265.374,258.02,263.622,1.2925635331094656
2021-08-06,265.982,267.343,256.013,260.702,-1.9850967358693554
2021-08-05,266.674,268.245,261.163,265.54,-0.4252383059465707
2021-08-04,253.908,264.976,253.0,264.509,4.175134300612831
2021-08-03,255.555,262.538,250.513,254.189,-0.534522901136747
2021-08-02,250.211,257.094,245.921,253.601,1.354856501113055
2021-07-30,256.952,259.401,252.378,253.24,-1.4446277904044293
2021-07-29,262.034,266.509,259.514,259.888,-0.8189776899181079
2021-07-28,261.541,264.742,257.848,263.317,0.6790522327283335
2021-07-27,263.497,264.986,253.853,257.41,-2.3100832267540006
2021-07-26,263.888,266.799,261.037,264.772,0.33499060207361253
2021-07-23,261.193,272.484,260.889,269.137,3.041429134777738
2021-07-22,259.603,264.95,255.841,263.25,1.4048373863167956
2021-07-21,252.205,254.743,249.136,253.757,0.6153724152970768
2021-07-20,251.944,254.119,245.361,253.127,0.4695487886197017
2021-07-19,241.595,252.069,239.442,250.05,3.4996585194230065
2021-07-16,252.76,253.556,248.299,249.426,-1.3190378224402608
2021-07-15,250.408,255.607,247.077,249.16,-0.49838663301491587
2021-07-14,261.925,263.902,252.517,253.406,-3.2524577646272803
2021-07-13,264.339,267.316,259.007,261.295,-1.151551606081578
2021-07-12,268.894,269.681,260.307,261.328,-2.813748168423256
2021-07-09,262.498,264.673,259.527,264.392,0.7215293068899594
2021-07-08,260.248,265.043,254.059,263.192,1.1312286741877045
2021-07-07,266.181,269.573,260.56,267.261,0.4057389520664664
2021-07-06,259.098,267.034,259.098,265.141,2.3323221329381183
2021-07-02,252.844,256.063,250.579,252.652,-0.07593615035358058
2021-07-01,249.418,253.819,247.126,250.228,0.32475603204259607
2021-06-30,257.467,257.467,251.626,251.683,-2.246501493395267
2021-06-29,253.831,259.678,253.47,257.029,1.259893393635926
2021-06-28,258.735,260.514,253.397,255.305,-1.32568071579029
2021-06-25,254.445,256.645,249.515,252.919,-0.599736681797631
2021-06-24,253.892,258.294,250.971,253.082,-0.3190332897452469
2021-06-23,255.045,256.943,249.293,253.471,-0.6171459938442173
2021-06-22,247.116,257.47,245.857,255.964,3.580504702245093
2021-06-21,235.241,238.511,230.645,237.697,1.0440356910572515
2021-06-18,241.424,247.848,239.792,244.469,1.2612664855192472
2021-06-17,233.054,241.272,233.023,241.096,3.4507024123164594
2021-06-16,231.832,235.715,227.542,233.699,0.8053245453604415
2021-06-15,229.955,232.753,227.043,228.222,-0.7536257093779235
2021-06-14,231.636,234.678,229.146,233.122,0.6415237700530221
2021-06-11,224.656,231.952,224.55,231.346,2.977886190442275
2021-06-10,219.0,229.343,217.018,228.171,4.187671232876709
2021-06-09,213.679,215.655,210.93,214.237,0.26113937261031395
2021-06-08,218.584,221.416,212.53,215.207,-1.5449438202247234
2021-06-07,206.339,217.574,204.397,215.168,4.278880870799998
2021-06-04,207.522,214.833,205.207,206.654,-0.41826890642919545
2021-06-03,219.904,220.198,213.852,214.913,-2.2696267462165243
2021-06-02,220.502,222.938,218.423,220.844,0.1551006340078478
2021-06-01,224.072,226.795,218.555,222.534,-0.6863865186190201
2021-05-28,222.234,225.897,221.394,222.509,0.12374344159758509
2021-05-27,213.101,222.176,210.731,222.127,4.235550278975702
2021-05-26,218.713,225.169,217.848,219.513,0.36577615413807657
2021-05-25,214.986,216.466,211.457,212.84,-0.9982045342487357
2021-05-24,209.982,215.224,209.431,214.133,1.976836109761794
2021-05-21,208.552,210.858,205.293,210.508,0.9378955847942082
2021-05-20,203.135,205.094,200.666,204.265,0.556280306200308
2021-05-19,192.782,199.654,189.499,197.991,2.7020157483582508
2021-05-18,188.973,199.246,186.869,195.956,3.695236885692652
2021-05-17,188.604,192.255,184.958,188.065,-0.2857839706475025
2021-05-14,189.407,191.264,183.479,190.239,0.43926570823675665
2021-05-13,191.081,191.951,179.158,183.979,-3.716748394659844
2021-05-12,192.456,195.2,185.507,188.841,-1.8783514153884424
2021-05-11,180.087,195.263,180.017,194.852,8.198815017186147
2021-05-10,186.236,190.627,183.545,188.132,1.0180631027298777
2021-05-07,193.892,196.617,187.893,189.138,-2.4518804282796562
2021-05-06,187.939,190.709,180.583,186.782,-0.6156252826714957
2021-05-05,200.799,201.004,191.735,193.494,-3.6379663245334917
2021-05-04,198.542,200.563,191.202,196.567,-0.9947517401859528
2021-05-03,207.699,209.317,203.847,204.737,-1.4261021959662865
2021-04-30,209.079,214.259,207.863,208.247,-0.3979357085120904
2021-04-29,219.176,219.383,208.222,211.506,-3.499470744972072
2021-04-28,216.69,223.259,216.127,219.847,1.4569200239974207
2021-04-27,225.042,226.988,219.625,221.317,-1.6552465761946633
2021-04-26,219.162,224.951,215.457,224.596,2.4794444292349938
2021-04-23,223.175,224.772,217.555,219.575,-1.6130839027668973
2021-04-22,213.712,223.885,212.146,216.579,1.3415250430485974
2021-04-21,205.132,212.133,202.7,210.171,2.4564670553594694
2021-04-20,212.967,217.49,205.034,206.565,-3.006099536547923
2021-04-19,216.054,222.889,210.878,212.218,-1.775482055412079
2021-04-16,211.93,216.408,208.369,215.243,1.5632520171754767
2021-04-15,212.685,214.713,207.764,213.224,0.2534264287561357
2021-04-14,214.719,216.584,207.351,208.369,-2.9573535644260613
2021-04-13,208.719,218.939,208.579,216.974,3.955078358941925
2021-04-12,201.006,206.099,197.364,203.976,1.4775678337960054
2021-04-09,195.0,204.182,194.157,203.235,4.22307692307693
2021-04-08,196.532,204.185,195.397,202.863,3.221358353855855
2021-04-07,191.245,196.704,190.899,193.266,1.0567596538471522
2021-04-06,186.481,198.185,185.824,193.94,3.999871300561453
2021-04-05,189.113,191.007,184.46,186.921,-1.1590953556868155
2021-04-01,189.513,194.266,185.164,186.736,-1.4653348319112753
2021-03-31,179.24,184.99,178.71,182.51,1.8243695603659797
2021-03-30,171.08,176.24,168.76,175.28,2.4549918166939375
2021-03-29,177.69,182.73,171.2,173.85,-2.1610670268445062
2021-03-26,179.03,181.5,170.1,177.69,-0.7484779087303822
2021-03-25,175.67,181.88,174.58,179.16,1.98667956964764
2021-03-24,191.0,193.5,180.11,181.6,-4.92146596858639
2021-03-23,195.74,197.85,189.69,190.6,-2.6259323592520767
2021-03-22,191.91,198.0,190.23,195.73,1.9905163878901535
2021-03-19,192.88,197.79,190.02,194.63,0.9072998755703029
2021-03-18,203.59,203.75,189.61,190.21,-6.57203202514858
2021-03-17,199.0,210.88,191.28,208.03,4.537688442211056
2021-03-16,203.81,209.1,193.5,196.31,-3.679897944163682
2021-03-15,199.5,201.47,195.02,200.55,0.52631578947369
2021-03-12,200.9,200.98,195.31,199.0,-0.9457441513190671
2021-03-11,203.99,206.67,198.42,205.8,0.8872983969802453
2021-03-10,204.0,208.22,192.5,194.86,-4.480392156862738
2021-03-09,192.65,201.14,189.5,199.1,3.348040487931476
2021-03-08,184.29,192.44,178.9,179.75,-2.4635086005751763
2021-03-05,194.64,195.41,168.67,183.12,-5.918618988902581
2021-03-04,204.79,208.38,187.19,192.99,-5.76200009766101
2021-03-03,220.86,223.47,206.61,210.62,-4.636421262338137
2021-03-02,226.5,231.16,221.52,222.1,-1.9426048565121437
2021-03-01,220.82,223.84,215.86,223.4,1.1683724300335172
2021-02-26,209.3,217.19,204.52,216.0,3.201146679407543
2021-02-25,216.43,221.81,204.9,208.66,-3.5900753130342418
2021-02-24,219.78,219.88,207.5,216.6,-1.44690144690145
2021-02-23,211.2,219.21,198.16,218.39,3.4043560606060597
2021-02-22,235.65,237.8,222.42,225.83,-4.167197114364521
2021-02-19,241.83,246.21,236.61,239.2,-1.0875408344705055
2021-02-18,236.78,241.32,231.6,239.25,1.0431624292592276
2021-02-17,238.9,242.6,229.15,238.56,-0.14231896190874985
2021-02-16,248.54,251.28,237.61,242.42,-2.4623803009575944
2021-02-12,236.55,245.42,233.5,242.1,2.3462270133164163
2021-02-11,233.49,239.89,229.13,234.8,0.5610518651762397
2021-02-10,225.0,233.55,220.4,231.35,2.8222222222222197
2021-02-09,221.2,225.39,220.4,223.72,1.1392405063291187
2021-02-08,225.5,228.65,219.15,222.36,-1.3924611973392402
2021-02-05,226.0,227.95,222.4,223.53,-1.0929203539823005
2021-02-04,219.74,224.29,216.81,224.01,1.9432056066260042
2021-02-03,223.0,223.49,216.27,218.12,-2.1883408071748858
2021-02-02,218.53,221.47,212.53,219.64,0.507939413352851
2021-02-01,216.56,218.49,210.45,215.01,-0.7157369782046599
2021-01-29,211.33,217.55,205.36,215.8,2.1151753182226845
2021-01-28,202.0,216.8,201.72,212.49,5.193069306930697
2021-01-27,200.0,207.76,193.86,200.93,0.4650000000000034
2021-01-26,217.13,217.63,206.01,206.8,-4.757518537281805
2021-01-25,227.72,230.63,208.69,217.49,-4.492359037414364
2021-01-22,220.97,226.15,220.31,223.52,1.1540028058107488
2021-01-21,228.0,228.5,219.81,221.0,-3.070175438596491
2021-01-20,227.0,228.57,222.2,226.33,-0.2951541850220209
2021-01-19,224.0,224.66,217.51,221.92,-0.9285714285714342
2021-01-15,228.08,230.05,218.75,219.51,-3.757453525078929
2021-01-14,228.65,231.9,222.76,225.62,-1.3251694729936587
2021-01-13,236.5,236.55,225.6,226.42,-4.2621564482029655
2021-01-12,233.41,238.54,233.0,233.59,0.0771175185296289
2021-01-11,223.65,234.63,218.0,232.24,3.8408227140621523
2021-01-08,225.83,228.82,220.11,223.55,-1.009608997918789
2021-01-07,213.03,222.1,213.03,221.47,3.961883302821198
2021-01-06,204.0,214.7,203.0,208.85,2.3774509803921537
2021-01-05,200.25,211.97,197.75,211.24,5.488139825218481
2021-01-04,209.96,211.44,195.99,200.49,-4.51038293008192
2020-12-31,211.47,214.25,208.1,211.82,0.1655081098973823
2020-12-30,207.77,210.99,205.24,210.29,1.2128796265100745
2020-12-29,210.6,213.5,202.78,205.93,-2.217473884140545
2020-12-28,225.09,227.09,212.02,212.55,-5.571104891376779
2020-12-24,223.5,227.36,219.28,221.12,-1.064876957494405
2020-12-23,225.63,227.26,216.21,223.5,-0.944023401143463
2020-12-22,213.02,225.75,211.55,224.9,5.576941132288046
2020-12-21,202.24,211.61,201.8,210.65,4.15842563291139
2020-12-18,193.7,205.91,193.7,203.75,5.188435725348483
2020-12-17,182.14,186.9,180.79,185.25,1.7074777643570955
2020-12-16,177.05,182.21,176.55,179.79,1.5475854278452303
2020-12-15,175.4,176.5,172.4,174.93,-0.2679589509692126
2020-12-14,176.81,179.51,172.88,173.8,-1.7023923986199823
2020-12-11,177.17,178.88,171.38,175.92,-0.7055370548061185
2020-12-10,165.35,181.8,164.15,179.99,8.853946174780777
2020-12-09,175.44,177.7,162.89,166.17,-5.283857729138173
2020-12-08,171.29,178.88,170.8,177.48,3.6137544515149735
2020-12-07,168.0,172.69,166.1,170.72,1.6190476190476182
2020-12-04,160.36,168.97,157.59,167.26,4.302818658019442
2020-12-03,159.52,165.75,155.54,161.19,1.0468906720160402
2020-12-02,144.36,144.69,138.24,141.84,-1.7456359102244456
2020-12-01,153.5,154.0,145.67,147.5,-3.908794788273615
2020-11-30,154.55,155.0,146.31,153.28,-0.8217405370430346
2020-11-27,150.38,152.19,148.53,150.83,0.29924192046815873
2020-11-25,150.0,151.7,147.19,149.96,-0.02666666666666136
2020-11-24,145.7,149.5,143.77,149.45,2.573781743308168
2020-11-23,146.5,149.13,142.45,147.54,0.7098976109214963
2020-11-20,145.19,146.95,143.26,145.72,0.36503891452579457
2020-11-19,138.39,147.09,138.02,143.76,3.880338174723611
2020-11-18,137.73,139.47,135.0,137.68,-0.0363029114934894
2020-11-17,132.74,139.8,130.5,137.78,3.796896188036757
2020-11-16,129.39,132.89,128.22,131.58,1.6925573846510753
2020-11-13,137.75,138.0,131.19,132.18,-4.043557168784024
2020-11-12,132.92,137.5,132.1,137.3,3.295215167017773
2020-11-11,128.13,132.18,127.5,130.96,2.208694294856796
2020-11-10,127.08,128.0,118.1,123.5,-2.817123072080578
2020-11-09,136.25,137.36,126.02,126.55,-7.119266055045874
2020-11-06,138.58,144.29,138.11,141.79,2.3163515658825076
2020-11-05,140.49,141.6,137.71,138.92,-1.1175172610150341
2020-11-04,133.98,137.13,132.0,136.32,1.7465293327362321
2020-11-03,125.71,127.47,123.83,126.86,0.9148039137697921
2020-11-02,124.55,126.76,121.77,124.47,-0.06423123243677101
2020-10-30,125.4,126.32,120.45,123.84,-1.2440191387559827
2020-10-29,132.36,132.7,126.34,127.36,-3.777576307041412
2020-10-28,132.05,132.82,129.11,131.57,-0.3634986747444287
2020-10-27,134.08,136.13,131.63,133.48,-0.4474940334129047
2020-10-26,134.01,138.45,129.52,133.08,-0.69397806133869
2020-10-23,134.91,135.54,132.8,135.42,0.3780297976428663
2020-10-22,136.83,138.68,131.64,134.54,-1.6736095885405393
2020-10-21,143.07,143.67,132.55,135.14,-5.54274131544
2020-10-20,145.29,146.49,142.15,142.64,-1.8239383302360836
2020-10-19,146.72,149.59,143.67,144.66,-1.40403489640131
2020-10-16,148.0,148.88,144.91,145.34,-1.797297297297295
2020-10-15,143.39,145.75,141.13,145.36,1.3738754445916923
2020-10-14,153.6,153.9,145.33,147.79,-3.782552083333335
2020-10-13,147.08,153.63,147.01,152.8,3.889039978243132
2020-10-12,146.5,149.75,144.82,145.96,-0.36860068259385126
2020-10-09,144.1,145.63,142.61,143.57,-0.367800138792506
2020-10-08,146.45,146.46,141.53,142.97,-2.3762376237623695
2020-10-07,146.0,148.84,144.28,144.57,-0.9794520547945252
2020-10-06,146.0,148.67,143.5,145.13,-0.5958904109589073
2020-10-05,143.81,148.28,142.81,144.88,0.7440372713997588
2020-10-02,139.73,145.5,138.6,139.87,0.10019322980033979
2020-10-01,139.5,145.76,138.0,142.87,2.415770609319
2020-09-30,135.31,139.02,133.66,137.32,1.4854777917374848
2020-09-29,137.7,138.35,135.37,136.35,-0.9803921568627411
2020-09-28,137.82,141.67,136.3,137.43,-0.2829777971266771
2020-09-25,135.8,138.6,134.65,136.39,0.43446244477170465
2020-09-24,137.12,137.9,132.4,133.9,-2.3483080513418892
2020-09-23,141.0,143.7,136.91,138.6,-1.7021276595744723
2020-09-22,138.52,142.68,134.2,142.68,3.003176436615649
2020-09-21,127.25,138.55,125.45,138.13,8.550098231827107
2020-09-18,130.22,132.1,126.72,131.43,0.9291967439717462
2020-09-17,127.48,129.23,124.8,128.58,0.8628804518355886
2020-09-16,132.0,133.84,129.52,131.15,-0.6439393939393897
2020-09-15,130.65,132.19,127.35,131.45,0.6123230003826888
2020-09-14,127.78,129.9,127.15,128.5,0.5634684614180614
2020-09-11,131.12,131.66,122.85,126.28,-3.6912751677852373
2020-09-10,130.28,134.05,128.4,129.35,-0.7138470985569595
2020-09-09,129.61,129.7,124.0,128.18,-1.1033099297893734
2020-09-08,118.86,128.93,118.0,125.55,5.628470469459867
2020-09-04,125.28,129.95,115.25,125.25,-0.02394636015325761
2020-09-03,131.0,138.79,127.0,129.28,-1.3129770992366403
2020-09-02,152.04,153.1,130.98,142.2,-6.471981057616419
2020-09-01,134.44,144.68,130.0,143.66,6.858077952990181
2020-08-31,120.0,126.55,120.0,125.73,4.775000000000004
2020-08-28,118.26,121.0,117.42,118.68,0.3551496702181648
2020-08-27,117.4,118.27,113.78,117.25,-0.12776831345826717
2020-08-26,115.01,119.94,114.26,117.04,1.7650639074863064
2020-08-25,110.3,114.45,109.35,113.5,2.9011786038077996
2020-08-24,113.4,113.66,108.26,111.24,-1.9047619047619142
2020-08-21,112.0,113.53,110.87,112.01,0.008928571428575996
2020-08-20,107.55,112.65,106.82,112.46,4.565318456531842
2020-08-19,107.65,109.69,105.7,108.13,0.4458894565722153
2020-08-18,106.52,107.65,105.62,107.11,0.5538865940668452
2020-08-17,102.01,105.5,101.75,105.35,3.274188805019105
2020-08-14,103.21,104.36,100.91,101.21,-1.9377967251235348
2020-08-13,99.44,102.12,98.31,100.9,1.4682220434432904
2020-08-12,98.61,100.41,97.23,98.37,-0.24338302403406845
2020-08-11,97.1,100.5,93.37,98.15,1.0813594232749861
2020-08-10,102.81,102.81,96.7,97.04,-5.612294523878996
2020-08-07,107.2,107.39,100.28,101.8,-5.037313432835826
2020-08-06,114.56,115.41,109.03,110.34,-3.6836592178770937
2020-08-05,114.97,116.18,113.98,114.78,-0.1652605027398432
2020-08-04,115.56,116.0,112.78,115.0,-0.4845967462789912
2020-08-03,114.48,116.18,112.25,115.44,0.8385744234800784
2020-07-31,112.91,113.84,109.41,113.2,0.25684173235320723
2020-07-30,111.0,112.8,108.91,111.94,0.8468468468468447
2020-07-29,107.61,113.83,107.4,112.92,4.934485642598274
2020-07-28,104.4,109.28,103.82,105.71,1.2547892720306397
2020-07-27,101.32,104.35,100.17,103.62,2.2700355309909312
2020-07-24,99.1,101.67,97.06,99.9,0.8072653884964797
2020-07-23,104.56,105.66,99.6,101.35,-3.0700076511094183
2020-07-22,106.6,107.18,102.6,103.64,-2.7767354596622833
2020-07-21,108.44,108.47,104.44,106.6,-1.696790852084105
2020-07-20,101.89,106.95,101.66,106.64,4.661890273824713
2020-07-17,101.4,102.87,99.0,101.35,-0.049309664694291294
2020-07-16,102.1,102.82,98.61,101.17,-0.9108716944172307
2020-07-15,105.99,106.02,100.59,103.15,-2.679498065855259
2020-07-14,107.14,109.35,99.12,105.64,-1.4000373343289154
2020-07-13,118.02,118.58,105.72,106.21,-10.006778512116593
2020-07-10,117.57,118.25,115.41,116.65,-0.7825125457174344
2020-07-09,115.51,118.38,113.11,117.46,1.688165526794207
2020-07-08,107.37,114.69,107.1,114.58,6.7150973270000875
2020-07-07,107.0,108.67,105.21,106.5,-0.46728971962616817
2020-07-06,109.34,109.68,104.72,106.39,-2.6980062191329823
2020-07-02,103.65,107.7,102.3,107.27,3.492522913651703
2020-07-01,100.0,103.65,99.25,102.95,2.950000000000003
2020-06-30,98.44,101.38,97.33,100.2,1.787891101178388
2020-06-29,99.77,99.77,94.18,98.02,-1.7540342788413352
2020-06-26,104.0,104.0,97.52,98.79,-5.009615384615378
2020-06-25,103.8,108.34,103.64,105.71,1.840077071290941
2020-06-24,103.83,106.1,100.5,103.8,-0.028893383415199016
2020-06-23,105.8,107.3,103.15,104.28,-1.4366729678638903
2020-06-22,101.34,105.56,100.26,105.06,3.670811130846654
2020-06-19,103.0,104.89,100.64,101.05,-1.8932038834951486
2020-06-18,98.18,101.87,97.86,101.55,3.432470971684651
2020-06-17,101.64,101.74,97.77,98.66,-2.931916568280209
2020-06-16,100.0,101.68,94.69,101.08,1.0799999999999983
2020-06-15,92.65,100.0,91.5,99.01,6.864543982730706
2020-06-12,97.99,97.99,91.05,93.13,-4.959689764261659
2020-06-11,94.85,100.12,94.22,95.13,0.2952029520295215
2020-06-10,95.0,97.74,94.33,97.23,2.3473684210526358
2020-06-09,95.75,96.88,93.62,93.92,-1.9112271540469956
2020-06-08,93.87,97.5,93.62,95.43,1.6618728028124023
2020-06-05,92.73,95.98,88.87,93.93,1.2940795858945355
2020-06-04,94.23,98.49,91.83,95.98,1.8571580176164701
2020-06-03,99.98,103.8,95.6,98.1,-1.8803760752150525
2020-06-02,96.59,96.8,90.03,92.25,-4.493218759705977
2020-06-01,90.56,95.8,90.21,94.84,4.726148409893994
2020-05-29,83.19,88.0,81.2,87.85,5.601634811876424
2020-05-28,78.2,82.28,78.0,79.5,1.6624040920716077
2020-05-27,79.0,79.0,71.51,78.04,-1.2151898734177136
2020-05-26,83.39,83.4,77.95,79.35,-4.844705600191877
2020-05-22,81.0,82.7,80.0,82.22,1.5061728395061713
2020-05-21,81.62,81.87,78.81,80.59,-1.2619456015682444
2020-05-20,80.72,81.74,79.15,80.84,0.1486620416253773
2020-05-19,76.59,79.58,76.5,78.52,2.5199112155633796
2020-05-18,78.11,78.99,75.78,76.11,-2.560491614389963
2020-05-15,77.5,80.29,76.33,77.12,-0.49032258064515544
2020-05-14,76.0,77.4,74.53,77.11,1.4605263157894728
2020-05-13,77.86,79.3,73.12,76.43,-1.8366298484459191
2020-05-12,77.0,80.63,75.31,76.13,-1.129870129870136
2020-05-11,77.05,78.35,76.15,76.23,-1.0642439974042741
2020-05-08,76.55,77.96,75.0,76.64,0.11757021554539963
2020-05-07,74.0,76.75,73.66,75.48,2.0000000000000053
2020-05-06,71.94,73.62,69.32,72.52,0.8062274117319965
2020-05-05,74.27,75.0,70.88,71.5,-3.729635115120501
2020-05-04,68.35,73.67,67.81,73.46,7.47622531089978
2020-05-01,66.28,70.19,65.8,69.2,4.405552202776104
2020-04-30,69.28,69.28,67.12,67.7,-2.2806004618937616
2020-04-29,71.0,71.6,68.19,69.28,-2.422535211267604
2020-04-28,74.0,74.71,68.39,70.13,-5.229729729729736
2020-04-27,73.0,75.0,72.02,73.6,0.8219178082191704
2020-04-24,69.0,74.65,68.9,72.01,4.362318840579717
2020-04-23,68.06,69.96,68.0,69.01,1.3958272112841652
2020-04-22,67.67,69.31,67.23,68.1,0.6354366779961469
2020-04-21,68.66,70.5,62.77,66.07,-3.7722108942615837
2020-04-20,64.87,70.2,64.39,68.43,5.487898874672425
2020-04-17,64.46,65.62,63.25,64.74,0.434377908780641
2020-04-16,62.0,64.45,61.54,63.45,2.3387096774193594
2020-04-15,59.34,62.64,58.73,61.83,4.1961577350859365
2020-04-14,59.99,62.0,58.5,60.92,1.5502583763960656
2020-04-13,58.0,59.37,57.36,58.77,1.3275862068965572
2020-04-09,60.48,60.79,57.5,58.15,-3.852513227513225
2020-04-08,59.65,60.88,59.05,60.31,1.1064543168482879
2020-04-07,59.45,61.3,57.75,59.6,0.25231286795626334
2020-04-06,59.08,60.53,58.66,59.07,-0.016926201760321617
2020-04-03,55.85,59.25,55.85,57.84,3.563115487914059
2020-04-02,54.51,56.92,54.11,56.61,3.8525041276829963
2020-04-01,54.0,56.55,53.53,54.59,1.092592592592599
2020-03-31,57.03,60.03,55.26,55.68,-2.3671751709626534
2020-03-30,58.81,59.83,56.27,57.71,-1.87043019894576
2020-03-27,57.02,59.87,56.02,58.63,2.823570676955453
2020-03-26,55.84,59.1,55.04,58.68,5.085959885386813
2020-03-25,56.0,59.5,55.6,55.78,-0.3928571428571408
